c5b884,127.0.0.1,GET,http://localhost1/,1416302845,
cda91f,127.0.0.1,GET,http://localhost1/,1416302860,
21b51c,127.0.0.1,GET,http://localhost1/dummy,1416302909,
06753a,127.0.0.1,GET,http://localhost1/dummy,1416303114,
61ce57,127.0.0.1,GET,http://localhost1/,1416303117,
00158d,127.0.0.1,GET,http://localhost/,1416909296,
6cf488,127.0.0.1,GET,http://localhost/article/1,1416909296,
23091d,127.0.0.1,GET,http://localhost/login,1416909296,
1f3b2a,127.0.0.1,GET,http://localhost/admin,1416909296,
859033,127.0.0.1,GET,http://localhost/admin/article/add,1416909297,
e1ebcf,127.0.0.1,GET,http://localhost/admin/article/1/edit,1416909297,
edbeb3,127.0.0.1,GET,http://localhost/admin/comment/1/edit,1416909297,
4bc13e,127.0.0.1,GET,http://localhost/,1416909330,
2f598c,127.0.0.1,GET,http://localhost/article/1,1416909330,
e21586,127.0.0.1,GET,http://localhost/login,1416909330,
35f380,127.0.0.1,GET,http://localhost/admin,1416909330,
935425,127.0.0.1,GET,http://localhost/admin/article/add,1416909330,
e97dc4,127.0.0.1,GET,http://localhost/admin/article/1/edit,1416909330,
edd928,127.0.0.1,GET,http://localhost/admin/comment/1/edit,1416909330,
387cb7,127.0.0.1,GET,http://localhost/,1416909373,
4c12a0,127.0.0.1,GET,http://localhost/article/1,1416909373,
a949e5,127.0.0.1,GET,http://localhost/login,1416909373,
f1e100,127.0.0.1,GET,http://localhost/admin,1416909373,
d3cff9,127.0.0.1,GET,http://localhost/admin/article/add,1416909373,
79c80d,127.0.0.1,GET,http://localhost/admin/article/1/edit,1416909373,
92d658,127.0.0.1,GET,http://localhost/admin/comment/1/edit,1416909373,
34b896,127.0.0.1,GET,http://localhost/admin/user/add,1416909373,
aeaafd,127.0.0.1,GET,http://localhost/admin/user/1/edit,1416909374,
64881d,127.0.0.1,GET,http://localhost/,1417512205,
8f6f61,127.0.0.1,GET,http://localhost/article/1,1417512206,
3ddced,127.0.0.1,GET,http://localhost/login,1417512206,
21f464,127.0.0.1,GET,http://localhost/admin,1417512206,
80e01c,127.0.0.1,GET,http://localhost/admin/article/add,1417512207,
84d9bf,127.0.0.1,GET,http://localhost/admin/article/1/edit,1417512207,
bb8d23,127.0.0.1,GET,http://localhost/admin/comment/1/edit,1417512207,
06364b,127.0.0.1,GET,http://localhost/admin/user/add,1417512207,
279b20,127.0.0.1,GET,http://localhost/admin/user/1/edit,1417512207,
af15c0,127.0.0.1,GET,http://localhost/api/articles,1417512207,
3dc911,127.0.0.1,GET,http://localhost/api/article/1,1417512207,
